[
  {
    "date": "2021-01-08 20:51:09.788",
    "totalTipeYangDijual": 1,
    "totalLaptopYangDijual": 3,
    "totalHarga": 12900000,
    "totalKeuntungan": 900000
  },
  {
    "date": "2021-01-09 08:47:02.351",
    "totalTipeYangDijual": 1,
    "totalLaptopYangDijual": 5,
    "totalHarga": 11500000,
    "totalKeuntungan": 1500000
  },
  {
    "date": "2021-01-09 10:22:22.984",
    "totalTipeYangDijual": 22,
    "totalLaptopYangDijual": 524,
    "totalHarga": 2540100000,
    "totalKeuntungan": 157200000
  },
  {
    "date": "2021-01-11 10:21:15.816",
    "totalTipeYangDijual": 1,
    "totalLaptopYangDijual": 4,
    "totalHarga": 41600000,
    "totalKeuntungan": 1600000
  },
  {
    "date": "2021-01-11 10:24:05.367",
    "totalTipeYangDijual": 10,
    "totalLaptopYangDijual": 289,
    "totalHarga": 1553000000,
    "totalKeuntungan": 86700000
  },
  {
    "date": "2021-01-11 11:45:10.112",
    "totalTipeYangDijual": 1,
    "totalLaptopYangDijual": 2,
    "totalHarga": 12900000,
    "totalKeuntungan": 800000
  },
  {
    "date": "2021-01-11 12:38:28.444",
    "totalTipeYangDijual": 3,
    "totalLaptopYangDijual": 6,
    "totalHarga": 82110000,
    "totalKeuntungan": 9000000
  },
  {
    "date": "2021-01-11 18:05:51.759",
    "totalTipeYangDijual": 1,
    "totalLaptopYangDijual": 1,
    "totalHarga": 14800000,
    "totalKeuntungan": 300000
  },
  {
    "date": "2021-01-11 20:11:18.791",
    "totalTipeYangDijual": 3,
    "totalLaptopYangDijual": 15,
    "totalHarga": 252989000,
    "totalKeuntungan": 13400000
  },
  {
    "date": "2021-01-11 22:49:08.559",
    "totalTipeYangDijual": 2,
    "totalLaptopYangDijual": 2,
    "totalHarga": 12649000,
    "totalKeuntungan": 400000
  },
  {
    "date": "2021-01-14 17:30:52.811",
    "totalTipeYangDijual": 3,
    "totalLaptopYangDijual": 3,
    "totalHarga": 16479000,
    "totalKeuntungan": 700000
  },
  {
    "date": "2021-01-14 18:19:05.558",
    "totalTipeYangDijual": 2,
    "totalLaptopYangDijual": 28,
    "totalHarga": 821365000,
    "totalKeuntungan": 23500000
  },
  {
    "date": "2021-01-14 23:44:16.767",
    "totalTipeYangDijual": 1,
    "totalLaptopYangDijual": 1,
    "totalHarga": 100000000,
    "totalKeuntungan": 5000000
  }
]